{"text": "\u9664\u84c4\u6770\u6770\u9ad8 \u8d1f\u503a\u5c42\u5c42\u9633\u4e8c\u96f6\u4e8c\u4e94\u5e74\u4e0a\u534a\u5e74\u5168\u56fd\u5c45\u6c11\u4eba\u519b\u5b58\u6b3e\u518d\u521b\u7acb\u4f7f\u65b0\u9ad8\u4eba\u519b\u5b58\u6b3e\u4f59\u4fc4\u5341\u4e09\u4e07\u516d\u5343\u516b\u767e\u5143\u542c\u8d77\u6765\u662f\u597d\u4e8b\u5bf9\u5427\u7b2c\u4e00\u8868\u9762\u662f\u5904\u84c4\u8bae\u5458\u589e\u5f3a\u5b9e\u9645\u662f\u6d88\u8d39\u4fe1\u5fc3\u4e0d\u8db3\u7b2c\u4e8c\u524d\u4e0d\u662f\u5b58\u5728\u94f6\u884c\u91cc\u800c\u662f\u8eb2\u5728\u94f6\u884c\u91cc\u4e0a\u534a\u5e74\u5173\u95ed\u95e8\u5e97\u4e00\u767e\u516d\u5341\u4e00\u4e07\u5bb6\u6bcf\u5929\u516b\u5343\u516b\u767e\u5bb6\u7b2c\u4e09\u7ecf\u6d4e\u597d\u7684\u65f6\u5019\u60a8\u53ef\u72af\u9519\u4e0d\u80fd\u9519\u8fc7\u7ecf\u6d4e\u5dee\u7684\u65f6\u5019\u60a8\u53ef\u9519\u8fc7\u4e0d\u80fd\u72af\u9519\u4f46\u8fd9\u8fd8\u5e76\u4e0d\u662f\u6700\u91cd\u8981\u7684\u771f\u6b63\u91cd\u8981\u7684\u662f\u5b88\u4f4f\u73b0\u91d1\u6d41\u591a\u5b58\u94b1\u5c11\u5343\u94b1\u8fd9\u4e5f\u662f\u77ed\u671f\u6323\u52a8\u76f8\u4fe1\u7ecf\u8fc7\u4e0d\u65ad\u52aa\u529b\u672a\u6765\u4e00\u5b9a\u8d8a\u6765\u8d8a\u597d", "segments": [{"id": 0, "seek": 0, "start": 0.0, "end": 3.08, "text": "\u9664\u84c4\u6770\u6770\u9ad8 \u8d1f\u503a\u5c42\u5c42\u9633", "tokens": [50364, 32999, 39198, 226, 4422, 108, 4422, 108, 12979, 220, 18464, 253, 2122, 118, 9636, 224, 9636, 224, 10034, 111, 50518], "temperature": 0.0, "avg_logprob": -0.3082340680635892, "compression_ratio": 1.293859649122807, "no_speech_prob": 0.01531495712697506}, {"id": 1, "seek": 0, "start": 3.96, "end": 5.5200000000000005, "text": "\u4e8c\u96f6\u4e8c\u4e94\u5e74\u4e0a\u534a\u5e74", "tokens": [50562, 11217, 6306, 114, 11217, 21001, 5157, 5708, 30018, 5157, 50640], "temperature": 0.0, "avg_logprob": -0.3082340680635892, "compression_ratio": 1.293859649122807, "no_speech_prob": 0.01531495712697506}, {"id": 2, "seek": 0, "start": 5.92, "end": 7.72, "text": "\u5168\u56fd\u5c45\u6c11\u4eba\u519b\u5b58\u6b3e", "tokens": [50660, 11319, 16086, 9636, 227, 16113, 4035, 5676, 249, 39781, 48798, 50750], "temperature": 0.0, "avg_logprob": -0.3082340680635892, "compression_ratio": 1.293859649122807, "no_speech_prob": 0.01531495712697506}, {"id": 3, "seek": 0, "start": 8.120000000000001, "end": 9.6, "text": "\u518d\u521b\u7acb\u4f7f\u65b0\u9ad8", "tokens": [50770, 8623, 2437, 249, 24409, 22982, 12560, 12979, 50844], "temperature": 0.0, "avg_logprob": -0.3082340680635892, "compression_ratio": 1.293859649122807, "no_speech_prob": 0.01531495712697506}, {"id": 4, "seek": 0, "start": 10.32, "end": 13.92, "text": "\u4eba\u519b\u5b58\u6b3e\u4f59\u4fc4\u5341\u4e09\u4e07\u516d\u5343\u516b\u767e\u5143", "tokens": [50880, 4035, 5676, 249, 39781, 48798, 1593, 247, 7792, 226, 20145, 10960, 23570, 30566, 20787, 33453, 31906, 14812, 51060], "temperature": 0.0, "avg_logprob": -0.3082340680635892, "compression_ratio": 1.293859649122807, "no_speech_prob": 0.01531495712697506}, {"id": 5, "seek": 0, "start": 14.44, "end": 15.8, "text": "\u542c\u8d77\u6765\u662f\u597d\u4e8b", "tokens": [51086, 31022, 9147, 6912, 1541, 2131, 6973, 51154], "temperature": 0.0, "avg_logprob": -0.3082340680635892, "compression_ratio": 1.293859649122807, "no_speech_prob": 0.01531495712697506}, {"id": 6, "seek": 0, "start": 16.32, "end": 16.72, "text": "\u5bf9\u5427", "tokens": [51180, 8713, 6062, 51200], "temperature": 0.0, "avg_logprob": -0.3082340680635892, "compression_ratio": 1.293859649122807, "no_speech_prob": 0.01531495712697506}, {"id": 7, "seek": 0, "start": 16.88, "end": 17.52, "text": "\u7b2c\u4e00", "tokens": [51208, 18049, 51240], "temperature": 0.0, "avg_logprob": -0.3082340680635892, "compression_ratio": 1.293859649122807, "no_speech_prob": 0.01531495712697506}, {"id": 8, "seek": 0, "start": 17.96, "end": 19.96, "text": "\u8868\u9762\u662f\u5904\u84c4\u8bae\u5458\u589e\u5f3a", "tokens": [51262, 17571, 8833, 1541, 1787, 226, 39198, 226, 7422, 106, 3606, 246, 24228, 252, 5702, 118, 51362], "temperature": 0.0, "avg_logprob": -0.3082340680635892, "compression_ratio": 1.293859649122807, "no_speech_prob": 0.01531495712697506}, {"id": 9, "seek": 0, "start": 20.2, "end": 21.96, "text": "\u5b9e\u9645\u662f\u6d88\u8d39\u4fe1\u5fc3\u4e0d\u8db3", "tokens": [51374, 24726, 8842, 227, 1541, 28837, 18464, 117, 17665, 7945, 1960, 37236, 51462], "temperature": 0.0, "avg_logprob": -0.3082340680635892, "compression_ratio": 1.293859649122807, "no_speech_prob": 0.01531495712697506}, {"id": 10, "seek": 0, "start": 22.84, "end": 23.44, "text": "\u7b2c\u4e8c", "tokens": [51506, 19693, 51536], "temperature": 0.0, "avg_logprob": -0.3082340680635892, "compression_ratio": 1.293859649122807, "no_speech_prob": 0.01531495712697506}, {"id": 11, "seek": 0, "start": 23.84, "end": 25.72, "text": "\u524d\u4e0d\u662f\u5b58\u5728\u94f6\u884c\u91cc", "tokens": [51556, 8945, 7296, 39781, 3581, 165, 241, 114, 8082, 15759, 51650], "temperature": 0.0, "avg_logprob": -0.3082340680635892, "compression_ratio": 1.293859649122807, "no_speech_prob": 0.01531495712697506}, {"id": 12, "seek": 0, "start": 26.0, "end": 27.400000000000002, "text": "\u800c\u662f\u8eb2\u5728\u94f6\u884c\u91cc", "tokens": [51664, 11070, 1541, 17514, 110, 3581, 165, 241, 114, 8082, 15759, 51734], "temperature": 0.0, "avg_logprob": -0.3082340680635892, "compression_ratio": 1.293859649122807, "no_speech_prob": 0.01531495712697506}, {"id": 13, "seek": 0, "start": 27.8, "end": 29.44, "text": "\u4e0a\u534a\u5e74\u5173\u95ed\u95e8\u5e97", "tokens": [51754, 5708, 30018, 5157, 28053, 8259, 255, 8259, 101, 22469, 51836], "temperature": 0.0, "avg_logprob": -0.3082340680635892, "compression_ratio": 1.293859649122807, "no_speech_prob": 0.01531495712697506}, {"id": 14, "seek": 2944, "start": 29.6, "end": 31.12, "text": "\u4e00\u767e\u516d\u5341\u4e00\u4e07\u5bb6", "tokens": [50372, 2257, 31906, 30566, 20145, 2257, 23570, 5155, 50448], "temperature": 0.0, "avg_logprob": -0.3295439750917496, "compression_ratio": 1.330188679245283, "no_speech_prob": 0.0027272566221654415}, {"id": 15, "seek": 2944, "start": 31.32, "end": 33.0, "text": "\u6bcf\u5929\u516b\u5343\u516b\u767e\u5bb6", "tokens": [50458, 23664, 6135, 33453, 20787, 33453, 31906, 5155, 50542], "temperature": 0.0, "avg_logprob": -0.3295439750917496, "compression_ratio": 1.330188679245283, "no_speech_prob": 0.0027272566221654415}, {"id": 16, "seek": 2944, "start": 33.4, "end": 34.0, "text": "\u7b2c\u4e09", "tokens": [50562, 35878, 50592], "temperature": 0.0, "avg_logprob": -0.3295439750917496, "compression_ratio": 1.330188679245283, "no_speech_prob": 0.0027272566221654415}, {"id": 17, "seek": 2944, "start": 34.32, "end": 35.6, "text": "\u7ecf\u6d4e\u597d\u7684\u65f6\u5019", "tokens": [50608, 30276, 11038, 236, 20715, 29111, 50672], "temperature": 0.0, "avg_logprob": -0.3295439750917496, "compression_ratio": 1.330188679245283, "no_speech_prob": 0.0027272566221654415}, {"id": 18, "seek": 2944, "start": 35.88, "end": 37.0, "text": "\u60a8\u53ef\u72af\u9519", "tokens": [50686, 23414, 4429, 35276, 107, 29900, 50742], "temperature": 0.0, "avg_logprob": -0.3295439750917496, "compression_ratio": 1.330188679245283, "no_speech_prob": 0.0027272566221654415}, {"id": 19, "seek": 2944, "start": 37.0, "end": 38.04, "text": "\u4e0d\u80fd\u9519\u8fc7", "tokens": [50742, 28590, 29900, 16866, 50794], "temperature": 0.0, "avg_logprob": -0.3295439750917496, "compression_ratio": 1.330188679245283, "no_speech_prob": 0.0027272566221654415}, {"id": 20, "seek": 2944, "start": 38.52, "end": 39.760000000000005, "text": "\u7ecf\u6d4e\u5dee\u7684\u65f6\u5019", "tokens": [50818, 30276, 11038, 236, 21679, 49873, 50880], "temperature": 0.0, "avg_logprob": -0.3295439750917496, "compression_ratio": 1.330188679245283, "no_speech_prob": 0.0027272566221654415}, {"id": 21, "seek": 2944, "start": 39.96, "end": 41.160000000000004, "text": "\u60a8\u53ef\u9519\u8fc7", "tokens": [50890, 23414, 4429, 29900, 16866, 50950], "temperature": 0.0, "avg_logprob": -0.3295439750917496,